1-1	1	#F771894B	na Cairidh	spat	na Cairidh (spat)	2021
1-10	1	#F771894B	na Cairidh	spat	na Cairidh (spat)	2021
1-11	1	#F771894B	na Cairidh	spat	na Cairidh (spat)	2021
1-12	1	#F771894B	na Cairidh	spat	na Cairidh (spat)	2021
1-13	1	#F771894B	na Cairidh	spat	na Cairidh (spat)	2021
1-14	1	#F771894B	na Cairidh	spat	na Cairidh (spat)	2021
1-15	1	#F771894B	na Cairidh	spat	na Cairidh (spat)	2021
1-16	1	#F771894B	na Cairidh	spat	na Cairidh (spat)	2021
1-17	1	#F771894B	na Cairidh	spat	na Cairidh (spat)	2021
1-18	1	#F771894B	na Cairidh	spat	na Cairidh (spat)	2021
1-19	1	#F771894B	na Cairidh	spat	na Cairidh (spat)	2021
1-2	1	#F771894B	na Cairidh	spat	na Cairidh (spat)	2021
1-20	1	#F771894B	na Cairidh	spat	na Cairidh (spat)	2021
1-21	1	#F771894B	na Cairidh	spat	na Cairidh (spat)	2021
1-22	1	#F771894B	na Cairidh	spat	na Cairidh (spat)	2021
1-23	1	#F771894B	na Cairidh	spat	na Cairidh (spat)	2021
1-24	1	#F771894B	na Cairidh	spat	na Cairidh (spat)	2021
1-25	1	#F771894B	na Cairidh	spat	na Cairidh (spat)	2021
1-26	1	#F771894B	na Cairidh	spat	na Cairidh (spat)	2021
1-29	1	#F771894B	na Cairidh	spat	na Cairidh (spat)	2021
1-3	1	#F771894B	na Cairidh	spat	na Cairidh (spat)	2021
1-4	1	#F771894B	na Cairidh	spat	na Cairidh (spat)	2021
1-5	1	#F771894B	na Cairidh	spat	na Cairidh (spat)	2021
1-6	1	#F771894B	na Cairidh	spat	na Cairidh (spat)	2021
1-7	1	#F771894B	na Cairidh	spat	na Cairidh (spat)	2021
1-8	1	#F771894B	na Cairidh	spat	na Cairidh (spat)	2021
1-9	1	#F771894B	na Cairidh	spat	na Cairidh (spat)	2021
10-1	10	#33B16F	Linnhe	adult	Linnhe (adult)	2020
10-10	10	#33B16F	Linnhe	adult	Linnhe (adult)	2020
10-11	10	#33B16F	Linnhe	adult	Linnhe (adult)	2020
10-12	10	#33B16F	Linnhe	adult	Linnhe (adult)	2020
10-13	10	#33B16F	Linnhe	adult	Linnhe (adult)	2020
10-14	10	#33B16F	Linnhe	adult	Linnhe (adult)	2020
10-15	10	#33B16F	Linnhe	adult	Linnhe (adult)	2020
10-16	10	#33B16F	Linnhe	adult	Linnhe (adult)	2020
10-17	10	#33B16F	Linnhe	adult	Linnhe (adult)	2020
10-18	10	#33B16F	Linnhe	adult	Linnhe (adult)	2020
10-19	10	#33B16F	Linnhe	adult	Linnhe (adult)	2020
10-2	10	#33B16F	Linnhe	adult	Linnhe (adult)	2020
10-22	10	#33B16F	Linnhe	adult	Linnhe (adult)	2020
10-23	10	#33B16F	Linnhe	adult	Linnhe (adult)	2020
10-24	10	#33B16F	Linnhe	adult	Linnhe (adult)	2020
10-25	10	#33B16F	Linnhe	adult	Linnhe (adult)	2020
10-26	10	#33B16F	Linnhe	adult	Linnhe (adult)	2020
10-27	10	#33B16F	Linnhe	adult	Linnhe (adult)	2020
10-28	10	#33B16F	Linnhe	adult	Linnhe (adult)	2020
10-29	10	#33B16F	Linnhe	adult	Linnhe (adult)	2020
10-3	10	#33B16F	Linnhe	adult	Linnhe (adult)	2020
10-30	10	#33B16F	Linnhe	adult	Linnhe (adult)	2020
10-4	10	#33B16F	Linnhe	adult	Linnhe (adult)	2020
10-5	10	#33B16F	Linnhe	adult	Linnhe (adult)	2020
10-6	10	#33B16F	Linnhe	adult	Linnhe (adult)	2020
10-7	10	#33B16F	Linnhe	adult	Linnhe (adult)	2020
10-8	10	#33B16F	Linnhe	adult	Linnhe (adult)	2020
10-9	10	#33B16F	Linnhe	adult	Linnhe (adult)	2020
11-1	11	#33B16F4B	Linnhe	spat	Linnhe (spat)	2021
11-10	11	#33B16F4B	Linnhe	spat	Linnhe (spat)	2021
11-11	11	#33B16F4B	Linnhe	spat	Linnhe (spat)	2021
11-12	11	#33B16F4B	Linnhe	spat	Linnhe (spat)	2021
11-13	11	#33B16F4B	Linnhe	spat	Linnhe (spat)	2021
11-14	11	#33B16F4B	Linnhe	spat	Linnhe (spat)	2021
11-15	11	#33B16F4B	Linnhe	spat	Linnhe (spat)	2021
11-16	11	#33B16F4B	Linnhe	spat	Linnhe (spat)	2021
11-17	11	#33B16F4B	Linnhe	spat	Linnhe (spat)	2021
11-18	11	#33B16F4B	Linnhe	spat	Linnhe (spat)	2021
11-19	11	#33B16F4B	Linnhe	spat	Linnhe (spat)	2021
11-2	11	#33B16F4B	Linnhe	spat	Linnhe (spat)	2021
11-20	11	#33B16F4B	Linnhe	spat	Linnhe (spat)	2021
11-21	11	#33B16F4B	Linnhe	spat	Linnhe (spat)	2021
11-22	11	#33B16F4B	Linnhe	spat	Linnhe (spat)	2021
11-23	11	#33B16F4B	Linnhe	spat	Linnhe (spat)	2021
11-24	11	#33B16F4B	Linnhe	spat	Linnhe (spat)	2021
11-25	11	#33B16F4B	Linnhe	spat	Linnhe (spat)	2021
11-26	11	#33B16F4B	Linnhe	spat	Linnhe (spat)	2021
11-27	11	#33B16F4B	Linnhe	spat	Linnhe (spat)	2021
11-28	11	#33B16F4B	Linnhe	spat	Linnhe (spat)	2021
11-29	11	#33B16F4B	Linnhe	spat	Linnhe (spat)	2021
11-3	11	#33B16F4B	Linnhe	spat	Linnhe (spat)	2021
11-30	11	#33B16F4B	Linnhe	spat	Linnhe (spat)	2021
11-4	11	#33B16F4B	Linnhe	spat	Linnhe (spat)	2021
11-5	11	#33B16F4B	Linnhe	spat	Linnhe (spat)	2021
11-6	11	#33B16F4B	Linnhe	spat	Linnhe (spat)	2021
11-7	11	#33B16F4B	Linnhe	spat	Linnhe (spat)	2021
11-8	11	#33B16F4B	Linnhe	spat	Linnhe (spat)	2021
11-9	11	#33B16F4B	Linnhe	spat	Linnhe (spat)	2021
12-1	12	#35AE97	Sunart	adult	Sunart (adult)	2019
12-10	12	#35AE97	Sunart	adult	Sunart (adult)	2019
12-11	12	#35AE97	Sunart	adult	Sunart (adult)	2019
12-12	12	#35AE97	Sunart	adult	Sunart (adult)	2019
12-13	12	#35AE97	Sunart	adult	Sunart (adult)	2019
12-14	12	#35AE97	Sunart	adult	Sunart (adult)	2019
12-15	12	#35AE97	Sunart	adult	Sunart (adult)	2019
12-16	12	#35AE97	Sunart	adult	Sunart (adult)	2019
12-17	12	#35AE97	Sunart	adult	Sunart (adult)	2019
12-18	12	#35AE97	Sunart	adult	Sunart (adult)	2019
12-19	12	#35AE97	Sunart	adult	Sunart (adult)	2019
12-2	12	#35AE97	Sunart	adult	Sunart (adult)	2019
12-20	12	#35AE97	Sunart	adult	Sunart (adult)	2019
12-3	12	#35AE97	Sunart	adult	Sunart (adult)	2019
12-4	12	#35AE97	Sunart	adult	Sunart (adult)	2019
12-5	12	#35AE97	Sunart	adult	Sunart (adult)	2019
12-6	12	#35AE97	Sunart	adult	Sunart (adult)	2019
12-7	12	#35AE97	Sunart	adult	Sunart (adult)	2019
12-8	12	#35AE97	Sunart	adult	Sunart (adult)	2019
12-9	12	#35AE97	Sunart	adult	Sunart (adult)	2019
13-1	13	#35AE974B	Sunart	spat	Sunart (spat)	2020
13-10	13	#35AE974B	Sunart	spat	Sunart (spat)	2020
13-11	13	#35AE974B	Sunart	spat	Sunart (spat)	2020
13-12	13	#35AE974B	Sunart	spat	Sunart (spat)	2020
13-13	13	#35AE974B	Sunart	spat	Sunart (spat)	2020
13-14	13	#35AE974B	Sunart	spat	Sunart (spat)	2020
13-15	13	#35AE974B	Sunart	spat	Sunart (spat)	2020
13-16	13	#35AE974B	Sunart	spat	Sunart (spat)	2020
13-17	13	#35AE974B	Sunart	spat	Sunart (spat)	2020
13-18	13	#35AE974B	Sunart	spat	Sunart (spat)	2020
13-19	13	#35AE974B	Sunart	spat	Sunart (spat)	2020
13-2	13	#35AE974B	Sunart	spat	Sunart (spat)	2020
13-20	13	#35AE974B	Sunart	spat	Sunart (spat)	2020
13-3	13	#35AE974B	Sunart	spat	Sunart (spat)	2020
13-4	13	#35AE974B	Sunart	spat	Sunart (spat)	2020
13-5	13	#35AE974B	Sunart	spat	Sunart (spat)	2020
13-6	13	#35AE974B	Sunart	spat	Sunart (spat)	2020
13-7	13	#35AE974B	Sunart	spat	Sunart (spat)	2020
13-8	13	#35AE974B	Sunart	spat	Sunart (spat)	2020
13-9	13	#35AE974B	Sunart	spat	Sunart (spat)	2020
14-1	14	#36ABB0	Eil	adult	Eil (adult)	2019
14-10	14	#36ABB0	Eil	adult	Eil (adult)	2019
14-11	14	#36ABB0	Eil	adult	Eil (adult)	2019
14-12	14	#36ABB0	Eil	adult	Eil (adult)	2019
14-13	14	#36ABB0	Eil	adult	Eil (adult)	2019
14-14	14	#36ABB0	Eil	adult	Eil (adult)	2019
14-15	14	#36ABB0	Eil	adult	Eil (adult)	2019
14-16	14	#36ABB0	Eil	adult	Eil (adult)	2019
14-17	14	#36ABB0	Eil	adult	Eil (adult)	2019
14-18	14	#36ABB0	Eil	adult	Eil (adult)	2019
14-19	14	#36ABB0	Eil	adult	Eil (adult)	2019
14-2	14	#36ABB0	Eil	adult	Eil (adult)	2019
14-20	14	#36ABB0	Eil	adult	Eil (adult)	2019
14-3	14	#36ABB0	Eil	adult	Eil (adult)	2019
14-4	14	#36ABB0	Eil	adult	Eil (adult)	2019
14-5	14	#36ABB0	Eil	adult	Eil (adult)	2019
14-6	14	#36ABB0	Eil	adult	Eil (adult)	2019
14-7	14	#36ABB0	Eil	adult	Eil (adult)	2019
14-8	14	#36ABB0	Eil	adult	Eil (adult)	2019
14-9	14	#36ABB0	Eil	adult	Eil (adult)	2019
15-1	15	#36ABB04B	Eil	spat	Eil (spat)	2020
15-10	15	#36ABB04B	Eil	spat	Eil (spat)	2020
15-11	15	#36ABB04B	Eil	spat	Eil (spat)	2020
15-12	15	#36ABB04B	Eil	spat	Eil (spat)	2020
15-13	15	#36ABB04B	Eil	spat	Eil (spat)	2020
15-15	15	#36ABB04B	Eil	spat	Eil (spat)	2020
15-16	15	#36ABB04B	Eil	spat	Eil (spat)	2020
15-17	15	#36ABB04B	Eil	spat	Eil (spat)	2020
15-18	15	#36ABB04B	Eil	spat	Eil (spat)	2020
15-2	15	#36ABB04B	Eil	spat	Eil (spat)	2020
15-20	15	#36ABB04B	Eil	spat	Eil (spat)	2020
15-3	15	#36ABB04B	Eil	spat	Eil (spat)	2020
15-4	15	#36ABB04B	Eil	spat	Eil (spat)	2020
15-5	15	#36ABB04B	Eil	spat	Eil (spat)	2020
15-6	15	#36ABB04B	Eil	spat	Eil (spat)	2020
15-7	15	#36ABB04B	Eil	spat	Eil (spat)	2020
15-8	15	#36ABB04B	Eil	spat	Eil (spat)	2020
15-9	15	#36ABB04B	Eil	spat	Eil (spat)	2020
2-1	2	#EB8032	Badcall	adult	Badcall (adult)	2020
2-10	2	#EB8032	Badcall	adult	Badcall (adult)	2020
2-11	2	#EB8032	Badcall	adult	Badcall (adult)	2020
2-12	2	#EB8032	Badcall	adult	Badcall (adult)	2020
2-13	2	#EB8032	Badcall	adult	Badcall (adult)	2020
2-14	2	#EB8032	Badcall	adult	Badcall (adult)	2020
2-15	2	#EB8032	Badcall	adult	Badcall (adult)	2020
2-16	2	#EB8032	Badcall	adult	Badcall (adult)	2020
2-17	2	#EB8032	Badcall	adult	Badcall (adult)	2020
2-18	2	#EB8032	Badcall	adult	Badcall (adult)	2020
2-2	2	#EB8032	Badcall	adult	Badcall (adult)	2020
2-20	2	#EB8032	Badcall	adult	Badcall (adult)	2020
2-21	2	#EB8032	Badcall	adult	Badcall (adult)	2020
2-22	2	#EB8032	Badcall	adult	Badcall (adult)	2020
2-23	2	#EB8032	Badcall	adult	Badcall (adult)	2020
2-24	2	#EB8032	Badcall	adult	Badcall (adult)	2020
2-25	2	#EB8032	Badcall	adult	Badcall (adult)	2020
2-26	2	#EB8032	Badcall	adult	Badcall (adult)	2020
2-27	2	#EB8032	Badcall	adult	Badcall (adult)	2020
2-28	2	#EB8032	Badcall	adult	Badcall (adult)	2020
2-29	2	#EB8032	Badcall	adult	Badcall (adult)	2020
2-3	2	#EB8032	Badcall	adult	Badcall (adult)	2020
2-30	2	#EB8032	Badcall	adult	Badcall (adult)	2020
2-4	2	#EB8032	Badcall	adult	Badcall (adult)	2020
2-5	2	#EB8032	Badcall	adult	Badcall (adult)	2020
2-6	2	#EB8032	Badcall	adult	Badcall (adult)	2020
2-7	2	#EB8032	Badcall	adult	Badcall (adult)	2020
2-8	2	#EB8032	Badcall	adult	Badcall (adult)	2020
2-9	2	#EB8032	Badcall	adult	Badcall (adult)	2020
3-1	3	#EB80324B	Badcall	spat	Badcall (spat)	2021
3-10	3	#EB80324B	Badcall	spat	Badcall (spat)	2021
3-11	3	#EB80324B	Badcall	spat	Badcall (spat)	2021
3-12	3	#EB80324B	Badcall	spat	Badcall (spat)	2021
3-13	3	#EB80324B	Badcall	spat	Badcall (spat)	2021
3-14	3	#EB80324B	Badcall	spat	Badcall (spat)	2021
3-15	3	#EB80324B	Badcall	spat	Badcall (spat)	2021
3-16	3	#EB80324B	Badcall	spat	Badcall (spat)	2021
3-17	3	#EB80324B	Badcall	spat	Badcall (spat)	2021
3-18	3	#EB80324B	Badcall	spat	Badcall (spat)	2021
3-19	3	#EB80324B	Badcall	spat	Badcall (spat)	2021
3-2	3	#EB80324B	Badcall	spat	Badcall (spat)	2021
3-21	3	#EB80324B	Badcall	spat	Badcall (spat)	2021
3-22	3	#EB80324B	Badcall	spat	Badcall (spat)	2021
3-23	3	#EB80324B	Badcall	spat	Badcall (spat)	2021
3-24	3	#EB80324B	Badcall	spat	Badcall (spat)	2021
3-25	3	#EB80324B	Badcall	spat	Badcall (spat)	2021
3-26	3	#EB80324B	Badcall	spat	Badcall (spat)	2021
3-27	3	#EB80324B	Badcall	spat	Badcall (spat)	2021
3-28	3	#EB80324B	Badcall	spat	Badcall (spat)	2021
3-29	3	#EB80324B	Badcall	spat	Badcall (spat)	2021
3-3	3	#EB80324B	Badcall	spat	Badcall (spat)	2021
3-30	3	#EB80324B	Badcall	spat	Badcall (spat)	2021
3-5	3	#EB80324B	Badcall	spat	Badcall (spat)	2021
3-6	3	#EB80324B	Badcall	spat	Badcall (spat)	2021
3-7	3	#EB80324B	Badcall	spat	Badcall (spat)	2021
3-8	3	#EB80324B	Badcall	spat	Badcall (spat)	2021
3-9	3	#EB80324B	Badcall	spat	Badcall (spat)	2021
4-1	4	#C19632	Laxford	adult	Laxford (adult)	2020
4-11	4	#C19632	Laxford	adult	Laxford (adult)	2020
4-12	4	#C19632	Laxford	adult	Laxford (adult)	2020
4-14	4	#C19632	Laxford	adult	Laxford (adult)	2020
4-15	4	#C19632	Laxford	adult	Laxford (adult)	2020
4-2	4	#C19632	Laxford	adult	Laxford (adult)	2020
4-21	4	#C19632	Laxford	adult	Laxford (adult)	2020
4-23	4	#C19632	Laxford	adult	Laxford (adult)	2020
4-6	4	#C19632	Laxford	adult	Laxford (adult)	2020
5-11	5	#C196324B	Laxford	spat	Laxford (spat)	2021
5-13	5	#C196324B	Laxford	spat	Laxford (spat)	2021
5-17	5	#C196324B	Laxford	spat	Laxford (spat)	2021
5-19	5	#C196324B	Laxford	spat	Laxford (spat)	2021
5-20	5	#C196324B	Laxford	spat	Laxford (spat)	2021
5-21	5	#C196324B	Laxford	spat	Laxford (spat)	2021
5-22	5	#C196324B	Laxford	spat	Laxford (spat)	2021
5-23	5	#C196324B	Laxford	spat	Laxford (spat)	2021
5-24	5	#C196324B	Laxford	spat	Laxford (spat)	2021
5-25	5	#C196324B	Laxford	spat	Laxford (spat)	2021
5-26	5	#C196324B	Laxford	spat	Laxford (spat)	2021
5-27	5	#C196324B	Laxford	spat	Laxford (spat)	2021
5-29	5	#C196324B	Laxford	spat	Laxford (spat)	2021
5-3	5	#C196324B	Laxford	spat	Laxford (spat)	2021
5-30	5	#C196324B	Laxford	spat	Laxford (spat)	2021
5-5	5	#C196324B	Laxford	spat	Laxford (spat)	2021
5-8	5	#C196324B	Laxford	spat	Laxford (spat)	2021
6-1	6	#A0A131	Roag	adult	Roag (adult)	2020
6-10	6	#A0A131	Roag	adult	Roag (adult)	2020
6-11	6	#A0A131	Roag	adult	Roag (adult)	2020
6-12	6	#A0A131	Roag	adult	Roag (adult)	2020
6-13	6	#A0A131	Roag	adult	Roag (adult)	2020
6-14	6	#A0A131	Roag	adult	Roag (adult)	2020
6-15	6	#A0A131	Roag	adult	Roag (adult)	2020
6-16	6	#A0A131	Roag	adult	Roag (adult)	2020
6-17	6	#A0A131	Roag	adult	Roag (adult)	2020
6-18	6	#A0A131	Roag	adult	Roag (adult)	2020
6-19	6	#A0A131	Roag	adult	Roag (adult)	2020
6-2	6	#A0A131	Roag	adult	Roag (adult)	2020
6-20	6	#A0A131	Roag	adult	Roag (adult)	2020
6-21	6	#A0A131	Roag	adult	Roag (adult)	2020
6-22	6	#A0A131	Roag	adult	Roag (adult)	2020
6-23	6	#A0A131	Roag	adult	Roag (adult)	2020
6-24	6	#A0A131	Roag	adult	Roag (adult)	2020
6-25	6	#A0A131	Roag	adult	Roag (adult)	2020
6-26	6	#A0A131	Roag	adult	Roag (adult)	2020
6-27	6	#A0A131	Roag	adult	Roag (adult)	2020
6-28	6	#A0A131	Roag	adult	Roag (adult)	2020
6-29	6	#A0A131	Roag	adult	Roag (adult)	2020
6-3	6	#A0A131	Roag	adult	Roag (adult)	2020
6-30	6	#A0A131	Roag	adult	Roag (adult)	2020
6-4	6	#A0A131	Roag	adult	Roag (adult)	2020
6-5	6	#A0A131	Roag	adult	Roag (adult)	2020
6-6	6	#A0A131	Roag	adult	Roag (adult)	2020
6-7	6	#A0A131	Roag	adult	Roag (adult)	2020
6-8	6	#A0A131	Roag	adult	Roag (adult)	2020
6-9	6	#A0A131	Roag	adult	Roag (adult)	2020
7-1	7	#A0A1314B	Roag	spat	Roag (spat)	2021
7-10	7	#A0A1314B	Roag	spat	Roag (spat)	2021
7-11	7	#A0A1314B	Roag	spat	Roag (spat)	2021
7-12	7	#A0A1314B	Roag	spat	Roag (spat)	2021
7-13	7	#A0A1314B	Roag	spat	Roag (spat)	2021
7-14	7	#A0A1314B	Roag	spat	Roag (spat)	2021
7-15	7	#A0A1314B	Roag	spat	Roag (spat)	2021
7-16	7	#A0A1314B	Roag	spat	Roag (spat)	2021
7-17	7	#A0A1314B	Roag	spat	Roag (spat)	2021
7-18	7	#A0A1314B	Roag	spat	Roag (spat)	2021
7-19	7	#A0A1314B	Roag	spat	Roag (spat)	2021
7-2	7	#A0A1314B	Roag	spat	Roag (spat)	2021
7-20	7	#A0A1314B	Roag	spat	Roag (spat)	2021
7-21	7	#A0A1314B	Roag	spat	Roag (spat)	2021
7-22	7	#A0A1314B	Roag	spat	Roag (spat)	2021
7-23	7	#A0A1314B	Roag	spat	Roag (spat)	2021
7-24	7	#A0A1314B	Roag	spat	Roag (spat)	2021
7-25	7	#A0A1314B	Roag	spat	Roag (spat)	2021
7-26	7	#A0A1314B	Roag	spat	Roag (spat)	2021
7-27	7	#A0A1314B	Roag	spat	Roag (spat)	2021
7-28	7	#A0A1314B	Roag	spat	Roag (spat)	2021
7-29	7	#A0A1314B	Roag	spat	Roag (spat)	2021
7-3	7	#A0A1314B	Roag	spat	Roag (spat)	2021
7-30	7	#A0A1314B	Roag	spat	Roag (spat)	2021
7-4	7	#A0A1314B	Roag	spat	Roag (spat)	2021
7-5	7	#A0A1314B	Roag	spat	Roag (spat)	2021
7-6	7	#A0A1314B	Roag	spat	Roag (spat)	2021
7-7	7	#A0A1314B	Roag	spat	Roag (spat)	2021
7-8	7	#A0A1314B	Roag	spat	Roag (spat)	2021
7-9	7	#A0A1314B	Roag	spat	Roag (spat)	2021
8-1	8	#71AC31	Spelve	adult	Spelve (adult)	2020
8-10	8	#71AC31	Spelve	adult	Spelve (adult)	2020
8-11	8	#71AC31	Spelve	adult	Spelve (adult)	2020
8-12	8	#71AC31	Spelve	adult	Spelve (adult)	2020
8-13	8	#71AC31	Spelve	adult	Spelve (adult)	2020
8-14	8	#71AC31	Spelve	adult	Spelve (adult)	2020
8-15	8	#71AC31	Spelve	adult	Spelve (adult)	2020
8-16	8	#71AC31	Spelve	adult	Spelve (adult)	2020
8-17	8	#71AC31	Spelve	adult	Spelve (adult)	2020
8-18	8	#71AC31	Spelve	adult	Spelve (adult)	2020
8-19	8	#71AC31	Spelve	adult	Spelve (adult)	2020
8-2	8	#71AC31	Spelve	adult	Spelve (adult)	2020
8-20	8	#71AC31	Spelve	adult	Spelve (adult)	2020
8-21	8	#71AC31	Spelve	adult	Spelve (adult)	2020
8-22	8	#71AC31	Spelve	adult	Spelve (adult)	2020
8-23	8	#71AC31	Spelve	adult	Spelve (adult)	2020
8-24	8	#71AC31	Spelve	adult	Spelve (adult)	2020
8-25	8	#71AC31	Spelve	adult	Spelve (adult)	2020
8-26	8	#71AC31	Spelve	adult	Spelve (adult)	2020
8-27	8	#71AC31	Spelve	adult	Spelve (adult)	2020
8-28	8	#71AC31	Spelve	adult	Spelve (adult)	2020
8-29	8	#71AC31	Spelve	adult	Spelve (adult)	2020
8-3	8	#71AC31	Spelve	adult	Spelve (adult)	2020
8-30	8	#71AC31	Spelve	adult	Spelve (adult)	2020
8-4	8	#71AC31	Spelve	adult	Spelve (adult)	2020
8-5	8	#71AC31	Spelve	adult	Spelve (adult)	2020
8-6	8	#71AC31	Spelve	adult	Spelve (adult)	2020
8-7	8	#71AC31	Spelve	adult	Spelve (adult)	2020
8-8	8	#71AC31	Spelve	adult	Spelve (adult)	2020
8-9	8	#71AC31	Spelve	adult	Spelve (adult)	2020
9-1	9	#71AC314B	Spelve	spat	Spelve (spat)	2021
9-10	9	#71AC314B	Spelve	spat	Spelve (spat)	2021
9-11	9	#71AC314B	Spelve	spat	Spelve (spat)	2021
9-12	9	#71AC314B	Spelve	spat	Spelve (spat)	2021
9-13	9	#71AC314B	Spelve	spat	Spelve (spat)	2021
9-14	9	#71AC314B	Spelve	spat	Spelve (spat)	2021
9-15	9	#71AC314B	Spelve	spat	Spelve (spat)	2021
9-16	9	#71AC314B	Spelve	spat	Spelve (spat)	2021
9-17	9	#71AC314B	Spelve	spat	Spelve (spat)	2021
9-18	9	#71AC314B	Spelve	spat	Spelve (spat)	2021
9-19	9	#71AC314B	Spelve	spat	Spelve (spat)	2021
9-2	9	#71AC314B	Spelve	spat	Spelve (spat)	2021
9-20	9	#71AC314B	Spelve	spat	Spelve (spat)	2021
9-21	9	#71AC314B	Spelve	spat	Spelve (spat)	2021
9-22	9	#71AC314B	Spelve	spat	Spelve (spat)	2021
9-23	9	#71AC314B	Spelve	spat	Spelve (spat)	2021
9-24	9	#71AC314B	Spelve	spat	Spelve (spat)	2021
9-25	9	#71AC314B	Spelve	spat	Spelve (spat)	2021
9-26	9	#71AC314B	Spelve	spat	Spelve (spat)	2021
9-27	9	#71AC314B	Spelve	spat	Spelve (spat)	2021
9-28	9	#71AC314B	Spelve	spat	Spelve (spat)	2021
9-29	9	#71AC314B	Spelve	spat	Spelve (spat)	2021
9-3	9	#71AC314B	Spelve	spat	Spelve (spat)	2021
9-30	9	#71AC314B	Spelve	spat	Spelve (spat)	2021
9-4	9	#71AC314B	Spelve	spat	Spelve (spat)	2021
9-5	9	#71AC314B	Spelve	spat	Spelve (spat)	2021
9-6	9	#71AC314B	Spelve	spat	Spelve (spat)	2021
9-7	9	#71AC314B	Spelve	spat	Spelve (spat)	2021
9-8	9	#71AC314B	Spelve	spat	Spelve (spat)	2021
9-9	9	#71AC314B	Spelve	spat	Spelve (spat)	2021
16-1	16	#39A8CC	Appelcross	adult	Appelcross (adult)	2021
16-10	16	#39A8CC	Appelcross	adult	Appelcross (adult)	2021
16-11	16	#39A8CC	Appelcross	adult	Appelcross (adult)	2021
16-12	16	#39A8CC	Appelcross	adult	Appelcross (adult)	2021
16-13	16	#39A8CC	Appelcross	adult	Appelcross (adult)	2021
16-14	16	#39A8CC	Appelcross	adult	Appelcross (adult)	2021
16-15	16	#39A8CC	Appelcross	adult	Appelcross (adult)	2021
16-16	16	#39A8CC	Appelcross	adult	Appelcross (adult)	2021
16-17	16	#39A8CC	Appelcross	adult	Appelcross (adult)	2021
16-18	16	#39A8CC	Appelcross	adult	Appelcross (adult)	2021
16-19	16	#39A8CC	Appelcross	adult	Appelcross (adult)	2021
16-2	16	#39A8CC	Appelcross	adult	Appelcross (adult)	2021
16-20	16	#39A8CC	Appelcross	adult	Appelcross (adult)	2021
16-21	16	#39A8CC	Appelcross	adult	Appelcross (adult)	2021
16-22	16	#39A8CC	Appelcross	adult	Appelcross (adult)	2021
16-23	16	#39A8CC	Appelcross	adult	Appelcross (adult)	2021
16-25	16	#39A8CC	Appelcross	adult	Appelcross (adult)	2021
16-26	16	#39A8CC	Appelcross	adult	Appelcross (adult)	2021
16-27	16	#39A8CC	Appelcross	adult	Appelcross (adult)	2021
16-28	16	#39A8CC	Appelcross	adult	Appelcross (adult)	2021
16-29	16	#39A8CC	Appelcross	adult	Appelcross (adult)	2021
16-3	16	#39A8CC	Appelcross	adult	Appelcross (adult)	2021
16-30	16	#39A8CC	Appelcross	adult	Appelcross (adult)	2021
16-4	16	#39A8CC	Appelcross	adult	Appelcross (adult)	2021
16-5	16	#39A8CC	Appelcross	adult	Appelcross (adult)	2021
16-6	16	#39A8CC	Appelcross	adult	Appelcross (adult)	2021
16-7	16	#39A8CC	Appelcross	adult	Appelcross (adult)	2021
16-8	16	#39A8CC	Appelcross	adult	Appelcross (adult)	2021
16-9	16	#39A8CC	Appelcross	adult	Appelcross (adult)	2021
17-1	17	#639DF4	Torridon	adult	Torridon (adult)	2021
17-10	17	#639DF4	Torridon	adult	Torridon (adult)	2021
17-11	17	#639DF4	Torridon	adult	Torridon (adult)	2021
17-12	17	#639DF4	Torridon	adult	Torridon (adult)	2021
17-13	17	#639DF4	Torridon	adult	Torridon (adult)	2021
17-14	17	#639DF4	Torridon	adult	Torridon (adult)	2021
17-15	17	#639DF4	Torridon	adult	Torridon (adult)	2021
17-16	17	#639DF4	Torridon	adult	Torridon (adult)	2021
17-17	17	#639DF4	Torridon	adult	Torridon (adult)	2021
17-18	17	#639DF4	Torridon	adult	Torridon (adult)	2021
17-19	17	#639DF4	Torridon	adult	Torridon (adult)	2021
17-2	17	#639DF4	Torridon	adult	Torridon (adult)	2021
17-20	17	#639DF4	Torridon	adult	Torridon (adult)	2021
17-21	17	#639DF4	Torridon	adult	Torridon (adult)	2021
17-22	17	#639DF4	Torridon	adult	Torridon (adult)	2021
17-23	17	#639DF4	Torridon	adult	Torridon (adult)	2021
17-24	17	#639DF4	Torridon	adult	Torridon (adult)	2021
17-25	17	#639DF4	Torridon	adult	Torridon (adult)	2021
17-26	17	#639DF4	Torridon	adult	Torridon (adult)	2021
17-27	17	#639DF4	Torridon	adult	Torridon (adult)	2021
17-28	17	#639DF4	Torridon	adult	Torridon (adult)	2021
17-29	17	#639DF4	Torridon	adult	Torridon (adult)	2021
17-3	17	#639DF4	Torridon	adult	Torridon (adult)	2021
17-30	17	#639DF4	Torridon	adult	Torridon (adult)	2021
17-31	17	#639DF4	Torridon	adult	Torridon (adult)	2021
17-4	17	#639DF4	Torridon	adult	Torridon (adult)	2021
17-5	17	#639DF4	Torridon	adult	Torridon (adult)	2021
17-6	17	#639DF4	Torridon	adult	Torridon (adult)	2021
17-7	17	#639DF4	Torridon	adult	Torridon (adult)	2021
17-8	17	#639DF4	Torridon	adult	Torridon (adult)	2021
17-9	17	#639DF4	Torridon	adult	Torridon (adult)	2021
18-10	18	#B486F4	Portree	adult	Portree (adult)	2021
18-11	18	#B486F4	Portree	adult	Portree (adult)	2021
18-12	18	#B486F4	Portree	adult	Portree (adult)	2021
18-13	18	#B486F4	Portree	adult	Portree (adult)	2021
18-14	18	#B486F4	Portree	adult	Portree (adult)	2021
18-15	18	#B486F4	Portree	adult	Portree (adult)	2021
18-16	18	#B486F4	Portree	adult	Portree (adult)	2021
18-17	18	#B486F4	Portree	adult	Portree (adult)	2021
18-18	18	#B486F4	Portree	adult	Portree (adult)	2021
18-19	18	#B486F4	Portree	adult	Portree (adult)	2021
18-2	18	#B486F4	Portree	adult	Portree (adult)	2021
18-20	18	#B486F4	Portree	adult	Portree (adult)	2021
18-21	18	#B486F4	Portree	adult	Portree (adult)	2021
18-22	18	#B486F4	Portree	adult	Portree (adult)	2021
18-23	18	#B486F4	Portree	adult	Portree (adult)	2021
18-24	18	#B486F4	Portree	adult	Portree (adult)	2021
18-26	18	#B486F4	Portree	adult	Portree (adult)	2021
18-27	18	#B486F4	Portree	adult	Portree (adult)	2021
18-28	18	#B486F4	Portree	adult	Portree (adult)	2021
18-29	18	#B486F4	Portree	adult	Portree (adult)	2021
18-3	18	#B486F4	Portree	adult	Portree (adult)	2021
18-30	18	#B486F4	Portree	adult	Portree (adult)	2021
18-4	18	#B486F4	Portree	adult	Portree (adult)	2021
18-5	18	#B486F4	Portree	adult	Portree (adult)	2021
18-6	18	#B486F4	Portree	adult	Portree (adult)	2021
18-7	18	#B486F4	Portree	adult	Portree (adult)	2021
18-8	18	#B486F4	Portree	adult	Portree (adult)	2021
18-9	18	#B486F4	Portree	adult	Portree (adult)	2021
19-1	19	#F35CF4	Sligachan	adult	Sligachan (adult)	2021
19-10	19	#F35CF4	Sligachan	adult	Sligachan (adult)	2021
19-11	19	#F35CF4	Sligachan	adult	Sligachan (adult)	2021
19-12	19	#F35CF4	Sligachan	adult	Sligachan (adult)	2021
19-13	19	#F35CF4	Sligachan	adult	Sligachan (adult)	2021
19-14	19	#F35CF4	Sligachan	adult	Sligachan (adult)	2021
19-15	19	#F35CF4	Sligachan	adult	Sligachan (adult)	2021
19-16	19	#F35CF4	Sligachan	adult	Sligachan (adult)	2021
19-17	19	#F35CF4	Sligachan	adult	Sligachan (adult)	2021
19-18	19	#F35CF4	Sligachan	adult	Sligachan (adult)	2021
19-19	19	#F35CF4	Sligachan	adult	Sligachan (adult)	2021
19-2	19	#F35CF4	Sligachan	adult	Sligachan (adult)	2021
19-20	19	#F35CF4	Sligachan	adult	Sligachan (adult)	2021
19-3	19	#F35CF4	Sligachan	adult	Sligachan (adult)	2021
19-4	19	#F35CF4	Sligachan	adult	Sligachan (adult)	2021
19-5	19	#F35CF4	Sligachan	adult	Sligachan (adult)	2021
19-6	19	#F35CF4	Sligachan	adult	Sligachan (adult)	2021
19-7	19	#F35CF4	Sligachan	adult	Sligachan (adult)	2021
19-8	19	#F35CF4	Sligachan	adult	Sligachan (adult)	2021
19-9	19	#F35CF4	Sligachan	adult	Sligachan (adult)	2021
20-1	20	#F668BE	Bagh a Tuath	adult	Bagh a Tuath (adult)	2021
20-10	20	#F668BE	Bagh a Tuath	adult	Bagh a Tuath (adult)	2021
20-11	20	#F668BE	Bagh a Tuath	adult	Bagh a Tuath (adult)	2021
20-12	20	#F668BE	Bagh a Tuath	adult	Bagh a Tuath (adult)	2021
20-13	20	#F668BE	Bagh a Tuath	adult	Bagh a Tuath (adult)	2021
20-14	20	#F668BE	Bagh a Tuath	adult	Bagh a Tuath (adult)	2021
20-15	20	#F668BE	Bagh a Tuath	adult	Bagh a Tuath (adult)	2021
20-16	20	#F668BE	Bagh a Tuath	adult	Bagh a Tuath (adult)	2021
20-18	20	#F668BE	Bagh a Tuath	adult	Bagh a Tuath (adult)	2021
20-19	20	#F668BE	Bagh a Tuath	adult	Bagh a Tuath (adult)	2021
20-2	20	#F668BE	Bagh a Tuath	adult	Bagh a Tuath (adult)	2021
20-20	20	#F668BE	Bagh a Tuath	adult	Bagh a Tuath (adult)	2021
20-21	20	#F668BE	Bagh a Tuath	adult	Bagh a Tuath (adult)	2021
20-22	20	#F668BE	Bagh a Tuath	adult	Bagh a Tuath (adult)	2021
20-23	20	#F668BE	Bagh a Tuath	adult	Bagh a Tuath (adult)	2021
20-24	20	#F668BE	Bagh a Tuath	adult	Bagh a Tuath (adult)	2021
20-25	20	#F668BE	Bagh a Tuath	adult	Bagh a Tuath (adult)	2021
20-26	20	#F668BE	Bagh a Tuath	adult	Bagh a Tuath (adult)	2021
20-27	20	#F668BE	Bagh a Tuath	adult	Bagh a Tuath (adult)	2021
20-28	20	#F668BE	Bagh a Tuath	adult	Bagh a Tuath (adult)	2021
20-29	20	#F668BE	Bagh a Tuath	adult	Bagh a Tuath (adult)	2021
20-3	20	#F668BE	Bagh a Tuath	adult	Bagh a Tuath (adult)	2021
20-30	20	#F668BE	Bagh a Tuath	adult	Bagh a Tuath (adult)	2021
20-31	20	#F668BE	Bagh a Tuath	adult	Bagh a Tuath (adult)	2021
20-32	20	#F668BE	Bagh a Tuath	adult	Bagh a Tuath (adult)	2021
20-33	20	#F668BE	Bagh a Tuath	adult	Bagh a Tuath (adult)	2021
20-34	20	#F668BE	Bagh a Tuath	adult	Bagh a Tuath (adult)	2021
20-35	20	#F668BE	Bagh a Tuath	adult	Bagh a Tuath (adult)	2021
20-36	20	#F668BE	Bagh a Tuath	adult	Bagh a Tuath (adult)	2021
20-37	20	#F668BE	Bagh a Tuath	adult	Bagh a Tuath (adult)	2021
20-38	20	#F668BE	Bagh a Tuath	adult	Bagh a Tuath (adult)	2021
20-39	20	#F668BE	Bagh a Tuath	adult	Bagh a Tuath (adult)	2021
20-4	20	#F668BE	Bagh a Tuath	adult	Bagh a Tuath (adult)	2021
20-40	20	#F668BE	Bagh a Tuath	adult	Bagh a Tuath (adult)	2021
20-41	20	#F668BE	Bagh a Tuath	adult	Bagh a Tuath (adult)	2021
20-42	20	#F668BE	Bagh a Tuath	adult	Bagh a Tuath (adult)	2021
20-43	20	#F668BE	Bagh a Tuath	adult	Bagh a Tuath (adult)	2021
20-44	20	#F668BE	Bagh a Tuath	adult	Bagh a Tuath (adult)	2021
20-45	20	#F668BE	Bagh a Tuath	adult	Bagh a Tuath (adult)	2021
20-46	20	#F668BE	Bagh a Tuath	adult	Bagh a Tuath (adult)	2021
20-47	20	#F668BE	Bagh a Tuath	adult	Bagh a Tuath (adult)	2021
20-5	20	#F668BE	Bagh a Tuath	adult	Bagh a Tuath (adult)	2021
20-6	20	#F668BE	Bagh a Tuath	adult	Bagh a Tuath (adult)	2021
20-7	20	#F668BE	Bagh a Tuath	adult	Bagh a Tuath (adult)	2021
20-8	20	#F668BE	Bagh a Tuath	adult	Bagh a Tuath (adult)	2021
20-9	20	#F668BE	Bagh a Tuath	adult	Bagh a Tuath (adult)	2021
